{"cameraMode":{"drawMode":0,"name":"Shaded","section":"Shading Mode"},"sceneLighting":false,"audioPlay":false,"sceneViewState":{"showFog":true,"showMaterialUpdate":false,"showSkybox":true,"showFlares":true,"showImageEffects":true,"showParticleSystems":true},"in2DMode":false,"pivot":{"x":11.228150367736817,"y":1.4706323146820069,"z":-0.04384423792362213},"rotation":{"x":-0.18577668070793153,"y":-0.09798255562782288,"z":0.01862183026969433,"w":-0.9775170683860779},"size":29.065275192260743,"orthographic":false}