{"cameraMode":{"drawMode":0,"name":"Shaded","section":"Shading Mode"},"sceneLighting":false,"audioPlay":false,"sceneViewState":{"showFog":true,"showMaterialUpdate":false,"showSkybox":true,"showFlares":true,"showImageEffects":true,"showParticleSystems":true},"in2DMode":false,"pivot":{"x":-0.159184992313385,"y":0.06901347637176514,"z":-0.0025500007905066015},"rotation":{"x":-0.07704062759876251,"y":0.17317946255207063,"z":-0.013589179143309594,"w":-0.9817785024642944},"size":2.9217512607574465,"orthographic":false}